Band Name - Unclean,Venue - Unclean,Concert Date,Openers
Scotty McCreery,MGM Music Hall at Fenway Park,03/01/2024,
"Boston Symphony Orchestra: John Storgards - Tarkiainen, Nielsen & Sibelius",Boston Symphony Hall,03/01/2024,
Twin Temple,Royale Boston,03/01/2024,
Paul Spratt,Nick's Comedy Stop,03/01/2024,
Bianca Del Rio,Wang Theater At The Boch Center,03/01/2024,
Electric Feels,Big Night Live,03/01/2024,
NOTD,The Grand Boston,03/01/2024,
Subtronics - 2 Day Pass,MGM Music Hall at Fenway Park,03/02/2024,
Becky Robinson,Wilbur Theatre - MA,03/02/2024,
Grant Lee Phillips,Haymarket Lounge At City Winery - Boston,03/02/2024,
The Floozies,Paradise Rock Club,03/02/2024,
Burna Boy,TD Garden,03/02/2024,
"Boston Symphony Orchestra: John Storgards - Tarkiainen, Nielsen & Sibelius",Boston Symphony Hall,03/02/2024,
Tomatito,Berklee Performance Center - Boston,03/02/2024,
Masood Boomgaard,City Winery - Boston,03/02/2024,
Paul Spratt,Nick's Comedy Stop,03/02/2024,
Subtronics,MGM Music Hall at Fenway Park,03/02/2024,
Becky Robinson,Wilbur Theatre - MA,03/02/2024,
Maurice Brown,City Winery - Boston,03/03/2024,
Los Angeles Azules,Orpheum Theatre - Boston,03/03/2024,
Subtronics,MGM Music Hall at Fenway Park,03/03/2024,
Babytron,Big Night Live,03/04/2024,
Melike Sahin,City Winery - Boston,03/05/2024,
The Dandy Warhols,Royale Boston,03/05/2024,
Jake Scott,Paradise Rock Club,03/05/2024,
Porno For Pyros,MGM Music Hall at Fenway Park,03/05/2024,
One Hallelujah,MGM Music Hall at Fenway Park,03/06/2024,
JP Saxe,Royale Boston,03/06/2024,
The Green,Paradise Rock Club,03/06/2024,
Spyro Gyra,Wilbur Theatre - MA,03/06/2024,
Boston Symphony Orchestra: Dima Slobodeniouk - Grieg's Peer Gynt,Boston Symphony Hall,03/07/2024,
Sam Morril,Wilbur Theatre - MA,03/07/2024,
Louis Cole,Royale Boston,03/07/2024,
The Linda Ronstadt Experience,Laugh Boston,03/07/2024,
Thievery Corporation,Big Night Live,03/07/2024,
Kaskade,Memoire Boston At Encore Boston Harbor,03/07/2024,
Sam Morril,Wilbur Theatre - MA,03/07/2024,
Boston Symphony Orchestra: Dima Slobodeniouk - Grieg's Peer Gynt,Boston Symphony Hall,03/08/2024,
Sam Morril,Wilbur Theatre - MA,03/08/2024,
Dick & Angel: Dare to Do It,Emerson Colonial Theatre,03/08/2024,
The Beaches,Royale Boston,03/08/2024,
Jo Koy,TD Garden,03/08/2024,
The Kooks,MGM Music Hall at Fenway Park,03/08/2024,
Kaskade,The Grand Boston,03/08/2024,
Sam Morril,Wilbur Theatre - MA,03/08/2024,
David Nihill,Wilbur Theatre - MA,03/09/2024,
Boston Symphony Orchestra: Dima Slobodeniouk - Grieg's Peer Gynt,Boston Symphony Hall,03/09/2024,
Marc Broussard,Royale Boston,03/09/2024,
Paul Thorn & Steve Poltz,City Winery - Boston,03/09/2024,
Johnny Cash - The Official Concert Experience,Emerson Colonial Theatre,03/09/2024,
Jowell Y Randy,MGM Music Hall at Fenway Park,03/09/2024,
Kaskade,Big Night Live,03/09/2024,
Boston Symphony Chamber Players,Jordan Hall - MA,03/10/2024,
The Life & Music of George Michael,Emerson Colonial Theatre,03/10/2024,
Gala Flamenca,Berklee Performance Center - Boston,03/10/2024,
Joan Osborne,City Winery - Boston,03/10/2024,
Alkaline Trio,House Of Blues - Boston,03/10/2024,
Jhayco,Agganis Arena,03/10/2024,
Talk,Paradise Rock Club,03/10/2024,
Bryce Vine,MGM Music Hall at Fenway Park,03/10/2024,
Dorian Electra,Royale Boston,03/11/2024,
Dadi Freyr,Big Night Live,03/11/2024,
KMFDM,Royale Boston,03/12/2024,
Danny Brown,Paradise Rock Club,03/12/2024,
Ledisi,Wilbur Theatre - MA,03/12/2024,
Waterparks & Loveless,MGM Music Hall at Fenway Park,03/13/2024,
Scott Bradlee's Postmodern Jukebox,Wilbur Theatre - MA,03/13/2024,
Dropkick Murphys & Pennywise,House Of Blues - Boston,03/14/2024,
"Boston Symphony Orchestra: Sir Mark Elder - Ravel, Langer, Dvorak & Janacek",Boston Symphony Hall,03/14/2024,
All Irish Comedy Tour,Laugh Boston,03/14/2024,
Cobrah,Royale Boston,03/14/2024,
Westlife,MGM Music Hall at Fenway Park,03/14/2024,
Samantha Fish,Wilbur Theatre - MA,03/14/2024,
"Boston Symphony Orchestra: Sir Mark Elder - Ravel, Langer, Dvorak & Janacek",Boston Symphony Hall,03/15/2024,
Big Irish Jay,Laugh Boston,03/15/2024,
Dropkick Murphys & Pennywise,MGM Music Hall at Fenway Park,03/15/2024,
Roy Wood Jr.,Wilbur Theatre - MA,03/15/2024,
Chelsea Wolfe,Royale Boston,03/15/2024,
Juanes,Orpheum Theatre - Boston,03/15/2024,
Tigran Hamasyan,Berklee Performance Center - Boston,03/15/2024,
Andrew Dice Clay,Shubert Theatre At The Boch Center,03/15/2024,
Big Irish Jay,Laugh Boston,03/16/2024,
Zakir Khan,Wilbur Theatre - MA,03/16/2024,
Dropkick Murphys & Pennywise,MGM Music Hall at Fenway Park,03/16/2024,
Enter the Haggis,City Winery - Boston,03/16/2024,
Four Leaf Clover of Boston Comedy Show & Music Show,Lynn Memorial Auditorium,03/16/2024,
"Boston Symphony Orchestra: Sir Mark Elder - Ravel, Langer, Dvorak & Janacek",Boston Symphony Hall,03/16/2024,
Jon Batiste,Orpheum Theatre - Boston,03/16/2024,
The Disco Biscuits,House Of Blues - Boston,03/16/2024,
Matisyahu,Paradise Rock Club,03/16/2024,
Orchestre de Paris: Klaus Makela & Yunchan Lim,Boston Symphony Hall,03/17/2024,
Sleater-Kinney,Paradise Rock Club,03/17/2024,
John Lodge,Wilbur Theatre - MA,03/17/2024,
Dropkick Murphys & Pennywise,MGM Music Hall at Fenway Park,03/17/2024,
Leahy,City Winery - Boston,03/17/2024,
Health,Royale Boston,03/17/2024,
William Black,House Of Blues - Boston,03/17/2024,
Bombay Bicycle Club,Royale Boston,03/18/2024,
Victoria Canal,The Red Room at Cafe 939,03/20/2024,
Bernhoft,City Winery - Boston,03/20/2024,
Less Than Jake,Big Night Live,03/20/2024,
Sasha Colby,Wilbur Theatre - MA,03/20/2024,
Mahalia - Artist,Paradise Rock Club,03/20/2024,
Boston Symphony Orchestra: Clark Rundell - Celebrating The Symphonic Legacy of Wayne Shorter,Boston Symphony Hall,03/21/2024,
Kev Herrera,Wilbur Theatre - MA,03/21/2024,
Bailey Zimmerman,MGM Music Hall at Fenway Park,03/21/2024,
Jordan Jensen,Laugh Boston,03/21/2024,
Otoboke Beaver,Royale Boston,03/21/2024,
Blackberry Smoke,House Of Blues - Boston,03/21/2024,
Set It Off,Big Night Live,03/22/2024,
Jordan Jensen,Laugh Boston,03/22/2024,
Tony Hinchcliffe,Shubert Theatre At The Boch Center,03/22/2024,
Lewis Black,Wilbur Theatre - MA,03/22/2024,
Boston Symphony Orchestra: Clark Rundell - Celebrating The Symphonic Legacy of Wayne Shorter,Boston Symphony Hall,03/22/2024,
Tony Hinchcliffe,Shubert Theatre At The Boch Center,03/22/2024,
Lil Jon,Memoire Boston At Encore Boston Harbor,03/22/2024,
Jordan Jensen,Laugh Boston,03/23/2024,
Ryan Long,Wilbur Theatre - MA,03/23/2024,
Celebrity Series of Boston: Bruce Liu,Jordan Hall - PA,03/23/2024,
Boston Symphony Orchestra: Clark Rundell - Celebrating The Symphonic Legacy of Wayne Shorter,Boston Symphony Hall,03/23/2024,
Blue October,Orpheum Theatre - Boston,03/23/2024,
Frankie Valli & The Four Seasons,Wang Theater At The Boch Center,03/23/2024,
Damian and Stephen Marley,House Of Blues - Boston,03/23/2024,
Elephante,Big Night Live,03/23/2024,
Jordan Jensen,Laugh Boston,03/23/2024,
Nate Bargatze,TD Garden,03/24/2024,
Nate Bargatze,TD Garden,03/24/2024,
"Zakir Hussain, Debopriya Chatterjee & Sabir Khan",Berklee Performance Center - Boston,03/24/2024,
"The Launch - Boston, Styx & Queen Tribute",The Milton Theatre,03/24/2024,
Brit Floyd,Orpheum Theatre - Boston,03/24/2024,
Dirty Loops,Paradise Rock Club,03/24/2024,
Excision,MGM Music Hall at Fenway Park,03/24/2024,
Nik Bartsch,City Winery - Boston,03/25/2024,
Sam Barber,Royale Boston,03/25/2024,
Unwound,Paradise Rock Club,03/25/2024,
Josiah and the Bonnevilles,Paradise Rock Club,03/26/2024,
"Boston Symphony Orchestra: Domingo Hindoyan - Sierra, Elgar & Dvorak",Boston Symphony Hall,03/28/2024,
Josh Blue,Wilbur Theatre - MA,03/28/2024,
Arlo Parks,Royale Boston,03/28/2024,
"Boston Symphony Orchestra: Domingo Hindoyan - Sierra, Elgar & Dvorak",Boston Symphony Hall,03/29/2024,
D.L. Hughley,City Winery - Boston,03/29/2024,
Orlando Leyba,Laugh Boston,03/29/2024,
Flipturn,House Of Blues - Boston,03/29/2024,
Ronny Chieng,Wilbur Theatre - MA,03/29/2024,
Girlschool,Paradise Rock Club,03/29/2024,
D.L. Hughley,City Winery - Boston,03/29/2024,
Kai Wachi,Big Night Live,03/29/2024,
Ronny Chieng,Wilbur Theatre - MA,03/29/2024,
D.L. Hughley,City Winery - Boston,03/30/2024,
Ronny Chieng,Wilbur Theatre - MA,03/30/2024,
Guster,MGM Music Hall at Fenway Park,03/30/2024,
"Boston Symphony Orchestra: Domingo Hindoyan - Sierra, Elgar & Dvorak",Boston Symphony Hall,03/30/2024,
Dopapod,Paradise Rock Club,03/30/2024,
Reggae Dancehall Fest: TeeJay,House Of Blues - Boston,03/30/2024,
D.L. Hughley,City Winery - Boston,03/30/2024,
Boston Symphony Chamber Players,Boston Symphony Hall,03/31/2024,
D.L. Hughley,City Winery - Boston,03/31/2024,
Claire Rosinkranz,Royale Boston,03/31/2024,
